full_name,country,email,phone_number,skills,work_experience,education
Dud Goad,China,dgoad0@dell.com,+86 (347) 862-6018,Bartending,6 years,Vocational Training
Grantham Giveen,Poland,ggiveen1@hhs.gov,+48 (774) 831-7577,Lutron,5 years,Bachelor's Degree
Carina Swadden,Indonesia,cswadden2@narod.ru,+62 (969) 383-4812,ICT Consultancy,6 years,Bachelor's Degree
Becka Grebbin,China,bgrebbin3@tripadvisor.com,+86 (932) 797-1734,Cross-functional Coordination,4 years,Master's Degree
Lee O'Scollain,Venezuela,loscollain4@gnu.org,+58 (489) 412-9477,MRDs,5 years,PhD
Marilyn Mish,Indonesia,mmish5@yellowpages.com,+62 (171) 431-6924,Lumion,3 years,Associate's Degree
Sonia Chevin,Russia,schevin6@yolasite.com,+7 (236) 998-7826,CQI,9 years,Bachelor's Degree
Jasen Christoffersen,Belarus,jchristoffersen7@salon.com,+375 (106) 845-4566,Due Diligence,3 years,Associate's Degree
Alix Leppingwell,China,aleppingwell8@goo.gl,+86 (530) 886-2845,Flame AA,3 years,Bachelor's Degree
Pavlov Leitche,China,pleitche9@who.int,+86 (880) 212-0253,RTM,6 years,Associate's Degree
Bearnard Jemmett,China,bjemmetta@ted.com,+86 (619) 187-9054,Characterization,6 years,Vocational Training
Anatola Enrdigo,Indonesia,aenrdigob@arizona.edu,+62 (352) 415-8656,CSCS Card,5 years,High School
Sallie Wards,Montserrat,swardsc@shutterfly.com,+1 (326) 324-0747,VBAC,9 years,Bachelor's Degree
Ingaberg O'Longain,Uruguay,iolongaind@weather.com,+598 (925) 582-5062,Environmental Issues,9 years,Master's Degree
Hanson Point,Indonesia,hpointe@scientificamerican.com,+62 (555) 101-8594,Supplier Quality,10 years,Master's Degree
Blakelee Alenichev,Philippines,balenichevf@tumblr.com,+63 (798) 516-5550,Analysis,5 years,Bachelor's Degree
Lou Falkus,Japan,lfalkusg@imgur.com,+81 (481) 953-6399,Knitting,8 years,High School
Cairistiona MacKaig,Germany,cmackaigh@issuu.com,+49 (757) 565-8128,Eze Castle,3 years,Associate's Degree
Gaby Clifford,Portugal,gcliffordi@house.gov,+351 (571) 841-8087,DVP&amp;R,8 years,PhD
Kyle Loadman,Paraguay,kloadmanj@usatoday.com,+595 (217) 765-5313,Gas Chromatography,3 years,Bachelor's Degree
Elberta Clapison,China,eclapisonk@wordpress.org,+86 (465) 143-3042,GPIB,5 years,Vocational Training
Creigh Pallaske,Tanzania,cpallaskel@amazon.de,+255 (276) 128-0525,Axys,4 years,Bachelor's Degree
Lacy Bea,China,lbeam@vkontakte.ru,+86 (665) 519-9662,Animal Husbandry,9 years,Vocational Training
Isaiah Malinson,Syria,imalinsonn@upenn.edu,+963 (718) 748-5843,Legal Documents,7 years,PhD
Rossie Mc Ilory,Russia,rmco@theguardian.com,+7 (481) 530-4651,BSSAP,10 years,Associate's Degree
Marchelle Remon,Bolivia,mremonp@uiuc.edu,+591 (102) 486-1833,CTI,6 years,Associate's Degree
Fielding Corradi,China,fcorradiq@narod.ru,+86 (827) 798-9646,VLC,6 years,Vocational Training
Moishe MacCaffery,Brazil,mmaccafferyr@illinois.edu,+55 (509) 248-7294,User Experience Design,6 years,Vocational Training
Devinne Belchamp,Indonesia,dbelchamps@kickstarter.com,+62 (227) 562-3388,Kyphoplasty,6 years,Bachelor's Degree
Brynna Stuchbery,Indonesia,bstuchberyt@noaa.gov,+62 (272) 941-1096,QAD,6 years,PhD
Ailee Standrin,Cyprus,astandrinu@aboutads.info,+357 (205) 106-2964,Medical Education,4 years,Master's Degree
Chad Gooble,Kazakhstan,cgooblev@webnode.com,+7 (687) 139-8743,TM1,3 years,High School
Ansel Waldren,Nicaragua,awaldrenw@prlog.org,+505 (415) 942-1815,EBA,7 years,Vocational Training
Harbert Pachta,Greece,hpachtax@vimeo.com,+30 (947) 684-8712,BTE,3 years,PhD
Samuel Fosdike,Guatemala,sfosdikey@cargocollective.com,+502 (603) 848-7131,DDR3,10 years,PhD
Bobbie Harmson,China,bharmsonz@ameblo.jp,+86 (222) 916-7825,CCIE R&amp;S,9 years,PhD
Frederik Heam,United Kingdom,fheam10@wisc.edu,+44 (414) 593-9058,Frozen Food,7 years,PhD
Joya Stenyng,Slovenia,jstenyng11@storify.com,+386 (602) 557-3663,NTP,10 years,Master's Degree
Randy Thurstance,Hungary,rthurstance12@bluehost.com,+36 (964) 622-5684,Creativity Skills,8 years,Master's Degree
Barnabe Bremmer,Indonesia,bbremmer13@si.edu,+62 (121) 109-0262,Vulnerability Assessment,10 years,PhD
Dame Ackerley,Sweden,dackerley14@redcross.org,+46 (573) 831-8296,Singing,9 years,Associate's Degree
Sean Aloway,Sweden,saloway15@tmall.com,+46 (627) 634-3593,Oracle VM,4 years,Associate's Degree
Em Seddon,Philippines,eseddon16@army.mil,+63 (667) 310-9449,Feature Films,8 years,Vocational Training
Jinny Satteford,Greece,jsatteford17@eepurl.com,+30 (968) 913-3991,Design for Manufacturing,8 years,Bachelor's Degree
Dorthy Casiero,Russia,dcasiero18@nyu.edu,+7 (747) 877-5167,Bonds,3 years,PhD
Bail Grob,Brazil,bgrob19@fc2.com,+55 (588) 877-4703,MBAL,10 years,Bachelor's Degree
Launce Klaves,Indonesia,lklaves1a@creativecommons.org,+62 (208) 478-6124,PK,6 years,PhD
Dulcinea Caser,Brazil,dcaser1b@clickbank.net,+55 (772) 317-4278,Forklift Operation,7 years,High School
Ki Kenvin,Finland,kkenvin1c@nationalgeographic.com,+358 (571) 827-4206,RDP,5 years,PhD
Edmund Praton,China,epraton1d@boston.com,+86 (406) 979-2896,ISO 9000,10 years,High School
Corilla Duckham,Brazil,cduckham1e@buzzfeed.com,+55 (530) 406-9404,Revenue Cycle,8 years,Master's Degree
Ethelind Blazejewski,Peru,eblazejewski1f@scribd.com,+51 (401) 182-8165,LLP,7 years,Bachelor's Degree
Jeannette Starmont,Poland,jstarmont1g@merriam-webster.com,+48 (550) 849-2906,VFX Supervision,8 years,Vocational Training
Maddie Sowman,Ukraine,msowman1h@netscape.com,+380 (284) 725-6684,LPN,9 years,Associate's Degree
Agata Vaughan,Indonesia,avaughan1i@sogou.com,+62 (828) 735-4061,Gifts,8 years,Master's Degree
Charin Tellenbrok,Indonesia,ctellenbrok1j@state.tx.us,+62 (795) 113-8294,EPM,6 years,High School
Newton Sheer,Czech Republic,nsheer1k@opera.com,+420 (142) 678-6984,Ionic Liquids,10 years,PhD
Minetta Sherwin,Peru,msherwin1l@livejournal.com,+51 (880) 955-3793,DC Drives,2 years,High School
Adelice McNair,Mongolia,amcnair1m@icq.com,+976 (956) 677-6788,Diabetes,6 years,Associate's Degree
Noe Robertz,Russia,nrobertz1n@biglobe.ne.jp,+7 (291) 169-2978,Test Equipment,6 years,Associate's Degree
Bonny Titchen,Peru,btitchen1o@unc.edu,+51 (440) 995-7143,Motion Graphics,9 years,Bachelor's Degree
Kari Mahoney,Nicaragua,kmahoney1p@cargocollective.com,+505 (512) 360-3057,Translation,2 years,PhD
Randolf Itzkovwitch,Hong Kong,ritzkovwitch1q@ox.ac.uk,+852 (520) 669-7926,Film Production,5 years,Vocational Training
Gui Carney,China,gcarney1r@xinhuanet.com,+86 (408) 826-6188,Equity Trading,2 years,PhD
Dane Dayer,Bulgaria,ddayer1s@google.ca,+359 (892) 492-9714,Nokia Qt,7 years,High School
Barnabe Teodoro,Cape Verde,bteodoro1t@slideshare.net,+238 (283) 649-0208,WCF,7 years,Bachelor's Degree
Debora Newick,Poland,dnewick1u@amazonaws.com,+48 (941) 972-7108,Healthcare Industry,7 years,High School
Briny Van de Vlies,Philippines,bvan1v@nationalgeographic.com,+63 (668) 811-4823,Sweaters,4 years,High School
Casandra Jewsbury,Portugal,cjewsbury1w@posterous.com,+351 (773) 264-8774,New Product Ideas,5 years,Master's Degree
Lou Sickert,Thailand,lsickert1x@bloomberg.com,+66 (516) 234-6922,CRM,7 years,Vocational Training
Herbie Blanque,Indonesia,hblanque1y@examiner.com,+62 (255) 588-0342,PVC,9 years,PhD
Ikey O'Kieran,El Salvador,iokieran1z@loc.gov,+503 (880) 870-2819,Brand Awareness,7 years,High School
Frazier Valentine,Pakistan,fvalentine20@usatoday.com,+92 (481) 586-3198,LSL,7 years,Master's Degree
Ingeberg Shadrack,Iran,ishadrack21@vimeo.com,+98 (917) 171-3059,Ice Hockey,2 years,Master's Degree
Pippa Coffey,Indonesia,pcoffey22@icio.us,+62 (784) 925-8021,RDFa,1 year,Associate's Degree
Zahara Elliss,Angola,zelliss23@si.edu,+244 (699) 560-2880,Start-ups,6 years,Vocational Training
Jaime Bristowe,Indonesia,jbristowe24@spotify.com,+62 (433) 490-9201,WFA,10 years,Master's Degree
Filippo Durtnell,Colombia,fdurtnell25@imdb.com,+57 (505) 940-3731,Water Quality,6 years,High School
Elyssa Seabrocke,Afghanistan,eseabrocke26@delicious.com,+93 (553) 527-4533,Animal Behavior,2 years,Master's Degree
Bruce Duchenne,Dominican Republic,bduchenne27@drupal.org,+1 (675) 250-0890,PVD,10 years,Associate's Degree
Marquita Raeside,Colombia,mraeside28@google.ca,+57 (560) 960-5288,RRDTool,7 years,Master's Degree
Zora Callendar,United States,zcallendar29@blogs.com,+1 (501) 513-8856,WS,10 years,PhD
Karylin Swancock,Ukraine,kswancock2a@dmoz.org,+380 (305) 747-3381,HR Information Management,6 years,PhD
Dannie Passman,Vietnam,dpassman2b@aol.com,+84 (113) 944-0165,Windows XP,10 years,PhD
Gannie Froggatt,Brazil,gfroggatt2c@aol.com,+55 (392) 401-8452,PKMS,7 years,Associate's Degree
Minny Snoding,Panama,msnoding2d@scribd.com,+507 (577) 974-2276,DTS,6 years,Vocational Training
Jonis Lemmon,Brazil,jlemmon2e@networkadvertising.org,+55 (986) 100-2168,Railway,8 years,Bachelor's Degree
Gabbi Novello,Russia,gnovello2f@vimeo.com,+7 (242) 336-8597,Business Planning,10 years,Bachelor's Degree
Agace Gehrts,Mozambique,agehrts2g@comcast.net,+258 (569) 414-6425,Customer Insight,10 years,Master's Degree
Dierdre Ivakhin,Philippines,divakhin2h@hexun.com,+63 (902) 694-6343,Relationship Building,8 years,Master's Degree
Flory Gillice,France,fgillice2i@wsj.com,+33 (375) 656-7853,Agribusiness,5 years,PhD
Reinwald Wellbank,Indonesia,rwellbank2j@amazon.de,+62 (267) 465-8863,JCT,6 years,Associate's Degree
Bertram Moodie,United States,bmoodie2k@icio.us,+1 (850) 898-5575,GTS,7 years,Associate's Degree
Ariella Craggs,Indonesia,acraggs2l@barnesandnoble.com,+62 (440) 405-2199,Road Safety,10 years,High School
Darwin Stoffers,France,dstoffers2m@ask.com,+33 (445) 182-7317,jQuery UI,7 years,High School
Cecile Ormistone,South Africa,cormistone2n@sohu.com,+27 (770) 844-8182,Farms,5 years,Master's Degree
Mikey Robertazzi,Indonesia,mrobertazzi2o@mtv.com,+62 (944) 854-7094,Analysis,1 year,Master's Degree
Ainslee Guage,Canada,aguage2p@hao123.com,+1 (868) 836-5326,mTAB,6 years,Associate's Degree
Nollie Rubinov,Chile,nrubinov2q@a8.net,+56 (971) 160-4107,RED MX,6 years,Bachelor's Degree
Ketty Matejovsky,Indonesia,kmatejovsky2r@techcrunch.com,+62 (528) 793-2665,Psychometrics,2 years,PhD
